checkpoint,distance_cum_m,dplus_cum_m,dmoins_cum_m,barriere_horaire,dist_total,dplus_total,dmoins_total,dist_secteur,dplus_secteur,dmoins_secteur,dist_depart_secteur,dp_secteur,dm_secteur,temps_norm_med,allure_norm_pred,allure_norm_pred_low,allure_norm_pred_high,temps_norm_low,temps_norm_high
St Paul,0.0,0,0,0.0,0.0,0,0,0.0,0.0,0.0,0.0,0.0,0.0,0.0,,,,0.0,0.0
Ecole  Bel,6000.0,412,15,1.75,6.0,412,15,6.0,412.0,15.0,0.0,68.66666666666667,2.5,0.09109775855670672,0.015182959759451121,0.014423811771478565,0.01594210774742368,0.08654287062887138,0.09565264648454207
Ilet Savan,15300.0,618,499,4.5,15.3,618,499,9.3,206.0,484.0,6.0,22.1505376344086,52.04301075268817,0.11533310061321975,0.012401408668088143,0.011781338234683735,0.013021479101492551,0.10956644558255875,0.12109975564388074
Ratinaud,22100.0,1236,798,6.5,22.1,1236,798,6.800000000000001,618.0,299.0,15.3,90.88235294117646,43.970588235294116,0.15893964191217697,0.023373476751790728,0.02220480291420119,0.024542150589380266,0.15099265981656812,0.1668866240077858
Possession,29900.0,1409,1412,8.5,29.9,1409,1412,7.799999999999997,173.0,614.0,22.1,22.179487179487186,78.71794871794874,0.15661455003334138,0.020078788465813003,0.01907484904252235,0.021082727889103654,0.1487838225316743,0.16444527753500846
Chaloupe,36800.0,1765,1763,10.5,36.8,1765,1763,6.899999999999999,356.0,351.0,29.9,51.59420289855073,50.86956521739131,0.15269852804152023,0.02213022145529279,0.021023710382528153,0.02323673252805743,0.1450636016394442,0.16033345444359626
Colorado,45800.0,2597,1922,12.5,45.8,2597,1922,9.0,832.0,159.0,36.8,92.44444444444444,17.666666666666668,0.21738645278768506,0.024154050309742783,0.022946347794255643,0.025361752825229924,0.2065171301483008,0.22825577542706932
La Vigie,49800.0,2611,2268,,49.8,2611,2268,4.0,14.0,346.0,45.8,3.5,86.5,0.05720216447515431,0.014300541118788578,0.013585514062849148,0.015015568174728008,0.05434205625139659,0.06006227269891203
St Denis,52800.0,2631,2588,14.0,52.8,2631,2588,3.0,20.0,320.0,49.8,6.666666666666667,106.66666666666667,0.05072780358019561,0.016909267860065202,0.016063804467061942,0.01775473125306846,0.04819141340118582,0.053264193759205394
