checkpoint,distance_cum_m,dplus_cum_m,dmoins_cum_m,barriere_horaire,dist_total,dplus_total,dmoins_total,dist_secteur,dplus_secteur,dmoins_secteur,dist_depart_secteur,dp_secteur,dm_secteur,vitesse_norm_pred,vitesse_norm_pred_low,vitesse_norm_pred_high,temps_norm_med,temps_norm_low,temps_norm_high
ST Paul Grotte du Peuplement,0.0,0,0,0.0,0.0,0,0,0.0,0.0,0.0,0.0,0.0,0.0,0.0062028638681044905,0.005892720674699266,0.006513007061509715,0.0,0.0,0.0
Ecole de Bellemene,6000.0,412,15,1.75,6.0,412,15,6.0,412.0,15.0,0.0,68.66666666666667,2.5,0.015203444459128865,0.014443272236172422,0.01596361668208531,0.0861694164455223,0.08186094562324618,0.09047788726779842
Ilet Savannah,15300.0,618,499,4.5,15.3,618,499,9.3,206.0,484.0,6.0,22.1505376344086,52.04301075268817,0.013006288435982984,0.012355974014183833,0.013656602857782134,0.11426053128149319,0.10854750471741852,0.11997355784556786
Chemin Ratinaud - Kalla,22100.0,1236,798,6.5,22.1,1236,798,6.800000000000001,618.0,299.0,15.3,90.88235294117646,43.970588235294116,0.023515768715101762,0.022339980279346673,0.02469155715085685,0.15105252952918896,0.1434999030527295,0.15860515600564842
La Possession - Ecole Evariste De Parny,29900.0,1409,1412,8.5,29.9,1409,1412,7.799999999999997,173.0,614.0,22.1,22.179487179487186,78.71794871794874,0.01787905493711463,0.016985102190258897,0.018773007683970364,0.1317343615830817,0.12514764350392762,0.1383210796622358
Grande Chaloupe,36800.0,1765,1763,10.5,36.8,1765,1763,6.899999999999999,356.0,351.0,29.9,51.59420289855073,50.86956521739131,0.021980446015262077,0.020881423714498974,0.02307946831602518,0.14326678031120058,0.13610344129564053,0.15043011932676056
Colorado,45800.0,2597,1922,12.5,45.8,2597,1922,9.0,832.0,159.0,36.8,92.44444444444444,17.666666666666668,0.027092453661983682,0.025737830978884498,0.028447076345082867,0.23033013292544233,0.2188136262791702,0.24184663957171446
La Redoute,52800.0,2631,2588,14.0,52.8,2631,2588,7.0,34.0,666.0,45.8,4.857142857142857,95.14285714285714,0.02165426061578145,0.020571547584992377,0.022736973646570527,0.14318624792407092,0.13602693552786735,0.1503455603202745
