checkpoint,distance_cum_m,dplus_cum_m,dmoins_cum_m,barriere_horaire,dist_total,dplus_total,dmoins_total,dist_secteur,dplus_secteur,dmoins_secteur,dist_depart_secteur,dp_secteur,dm_secteur,vitesse_norm_pred,vitesse_norm_pred_low,vitesse_norm_pred_high,temps_norm_med,temps_norm_low,temps_norm_high
ST Paul,0.0,0,0,0.0,0.0,0,0,0.0,0.0,0.0,0.0,0.0,0.0,0.007108120072616015,0.006752714068985213,0.007463526076246816,0.0,0.0,0.0
Ecole de Bellemene,6000.0,412,15,1.75,6.0,412,15,6.0,412.0,15.0,0.0,68.66666666666667,2.5,0.01594042548661598,0.015143404212285182,0.01673744676094678,0.09041466745375758,0.0858939340810697,0.09493540082644546
Ilet Savannah,15300.0,618,499,4.5,15.3,618,499,9.3,206.0,484.0,6.0,22.1505376344086,52.04301075268817,0.013188080794931036,0.012528676755184483,0.013847484834677588,0.11594506731728238,0.11014781395141826,0.1217423206831465
Ratinaud,22100.0,1236,798,6.5,22.1,1236,798,6.800000000000001,618.0,299.0,15.3,90.88235294117646,43.970588235294116,0.023554653456668656,0.02237692078383522,0.02473238612950209,0.1514165550894184,0.14384572733494747,0.15898738284388936
La Possession,29900.0,1409,1412,8.5,29.9,1409,1412,7.799999999999997,173.0,614.0,22.1,22.179487179487186,78.71794871794874,0.017573765818483723,0.016695077527559537,0.01845245410940791,0.12958274243302226,0.12310360531137113,0.13606187955467336
Chaloupe,36800.0,1765,1763,10.5,36.8,1765,1763,6.899999999999999,356.0,351.0,29.9,51.59420289855073,50.86956521739131,0.021861265779030498,0.020768202490078973,0.022954329067982022,0.14259756985578392,0.13546769136299472,0.14972744834857307
Colorado,45800.0,2597,1922,12.5,45.8,2597,1922,9.0,832.0,159.0,36.8,92.44444444444444,17.666666666666668,0.02720912465084429,0.025848668418302075,0.028569580883386504,0.2314967024323938,0.21992186731077412,0.24307153755401348
La Redoute,52800.0,2631,2588,14.0,52.8,2631,2588,7.0,34.0,666.0,45.8,4.857142857142857,95.14285714285714,0.020936804710956387,0.019889964475408566,0.02198364494650421,0.13854669541834144,0.13161936064742435,0.1454740301892585
